id,axis,class,cause,basis
BASE-03,V,층,@ 여유 폭(판정 규칙),목표에서 우리 @ 를 빼고 넣으면 MOTIS 쪽도 불가
R-BUFFER-01,V,층,@ 여유 폭(판정 규칙),목표에서 우리 @ 를 빼고 넣으면 MOTIS 쪽도 불가
J-SLACK-02,V,층,@ 여유 폭(판정 규칙),목표에서 우리 @ 를 빼고 넣으면 MOTIS 쪽도 불가
J-LATE-02,V,층,@ 여유 폭(판정 규칙),목표에서 우리 @ 를 빼고 넣으면 MOTIS 쪽도 불가
FIRST-01,V,층,첫차 이전 = 불가(판정 규칙),MOTIS 쪽은 첫차를 기다려 태운다 · 첫차 시각 05:36 은 둘이 같다
R-FIRST-01,V,층,첫차 이전 = 불가(판정 규칙),MOTIS 쪽은 첫차를 기다려 태운다 · 첫차 시각 05:36 은 둘이 같다
ALT-02,V,층,첫차 이전 = 불가(판정 규칙),MOTIS 쪽은 첫차를 기다려 태운다 · 첫차 시각 05:36 은 둘이 같다
CAR-11,V,층,첫차 이전 = 불가(판정 규칙),MOTIS 쪽은 첫차를 기다려 태운다 · 첫차 시각 05:36 은 둘이 같다
LIMIT-01,V,층,동행 환승 상한(판정 규칙),MOTIS 에 없는 입력(party) · 같은 경로 도착 09:59 는 둘이 같다
R-LIMIT-01,V,층,동행 환승 상한(판정 규칙),MOTIS 에 없는 입력(party) · 같은 경로 도착 09:59 는 둘이 같다
J-LIMIT-01,V,층,동행 환승 상한(판정 규칙),MOTIS 에 없는 입력(party) · 같은 경로 도착 09:59 는 둘이 같다
R-EXPRESS-06,V,①변환,원천 빈 행(08호선 휴일 수진 24:00 행 없음)을 GTFS 가 못 메움,GTFS 편이 수진에 서지 않는다(직접 계산으로도 그 운행일에 없음) · 판정기는 같은 행선지 다른 편의 시차로 메운다[추정] — 어느 쪽 해석이 실제인지는 미확인
R-EXPRESS-06,L,①변환,원천 빈 행(08호선 휴일 수진 24:00 행 없음)을 GTFS 가 못 메움,위와 같음 — 마지막 출발 23:16(우리) ↔ 23:06(MOTIS 쪽)
LIMIT-02,A,환승모델,환승 시간 모델 차이(잠실 2→8 · GTFS 도보 3분 ↔ 우리 도보+길찾기 5분),환승 시간만 우리 값으로 맞춰 다시 넣으면 차이 0분
R-LIMIT-02,A,환승모델,환승 시간 모델 차이(잠실 2→8 · GTFS 도보 3분 ↔ 우리 도보+길찾기 5분),환승 시간만 우리 값으로 맞춰 다시 넣으면 차이 0분
D28-03,A,환승모델,환승 시간 모델 차이(고속터미널 3→7 · 2분 ↔ 4분),환승 시간만 우리 값으로 맞춰 다시 넣으면 차이 -1분
MULTI-02,A,환승모델,환승 시간 모델 차이(노원 7→4 · 4분 ↔ 6분),환승 시간만 우리 값으로 맞춰 다시 넣으면 차이 0분
MIX-AB-02,A,②원천행,우리 구간 소요 추정이 그 편의 도착역 원천 행보다 2분 늦어 한 편(6분)이 갈린다,공항철도 홍대입구 원천 행 10:55:20 ↔ 우리 10:57 · 환승 시간을 우리 값(7분)으로 맞춰도 차이 -6분 그대로
MIX-AB-09,A,②원천행,우리 구간 소요 추정이 그 편의 도착역 원천 행보다 2분 늦어 한 편(6분)이 갈린다,공항철도 홍대입구 원천 행 10:55:20 ↔ 우리 10:57 · 환승 시간을 우리 값(7분)으로 맞춰도 차이 -6분 그대로
MIX-AB-06,A,②원천행,우리 구간 소요 추정이 그 편의 도착역 원천 행보다 5분 늦다(공항철도 서울역→인천공항1터미널),원천 행 11:11:30 ↔ 우리 11:16 · 환승 시간을 맞추면 -11분 → -5분(나머지 6분은 환승 모델)
R-EXPRESS-03,A,②원천행,우리 구간 소요 추정이 그 편의 도착역 원천 행보다 늦다(01호선 개봉→신도림),같은 09:42 승차 · 신도림 원천 행 09:48:30 ↔ 우리 09:50
R-EXPRESS-08,A,②추정연결,행선지 빈 행(07호선 남성 08:34:40)을 X1 잇기는 이었고 판정기는 쓰지 않는다,이수 08:32:40 온수행 뒤 남성 08:34:40(dest 없음) 행이 원천에 있다 — 같은 열차라는 것은 시차로 본 추정 · 판정기는 5분 뒤 편
R-EXPRESS-03,L,②추정연결,행선지 오기(「도원」행)를 X1 잇기는 방향으로 이었고 판정기는 버린다,개봉 23:56:30 「도원」행 → 구로 24:01:30 → 신도림 24:04:00 행이 원천에 있다 — 같은 열차라는 것은 추정 · 판정기는 23:34 뒤 「불가[확정]」
R-LOOP-02,L,②추정연결,왕십리 24:47 성수행이 잠실까지 간다는 우리 가정을 뒷받침하는 원천 행이 없다,성수 그 방향 마지막 출발 행 24:44 · 잠실 마지막 24:54:30 · MOTIS 쪽 24:38 은 성수 「이어 타기」 추정에 기댄 값(안 합치면 23:36) — 수집 누락일 수도 있어 독립 확인 전에는 결함으로 못 적는다
MIX-AB-03,A,②그래프,총신대입구(4)↔이수(7) 환승이 우리 후보 생성기에 없다,MOTIS 자유 탐색 10:14 ↔ 우리 최선 후보 10:39 · 환승역은 실재 · 환승 시간은 X1 이 이름을 맞춰 넣은 값[추정]
MIX-AB-04,A,②그래프,총신대입구(4)↔이수(7) 환승이 우리 후보 생성기에 없다,MOTIS 자유 탐색 10:23 ↔ 우리 최선 후보 10:54
MIX-AB-01,A,미확정,공항철도 서울역 도착이 양쪽 다 추정(3분 차)이라 한 편이 갈린다,우리 표준 시차 11:05 ↔ GTFS 종착 추정 11:02 — 원천 행이 없다 · 환승 시간을 맞춰도 차이 -6분 그대로
MULTI-06,A,미확정,MOTIS 자유 탐색이 환승표에 없는 신논현(신분당↔9)을 도보 2분으로 이었다,환승역은 실재하나 2분은 MOTIS 기본값[근거없음]
J-SLACK-01,L,경계,분 단위 경계(잠실 원천 행 14:10:30),MOTIS 14:10(내림) ↔ 우리 14:11(올림) — 목표−@ 14:10 에 걸려 「늦어도 출발」이 한 편(6분) 갈린다
